{
  "drizzle-sql-editor-global-items": {
    "playground": {
      "id": "playground",
      "type": "snippet",
      "name": "Playground",
      "sql": "",
      "createdAt": "2025-07-29T21:14:44.302Z",
      "isGlobal": true
    }
  },
  "drizzle-sql-editor-c36933e20a80cc32970589b3705929d4af52535b8708a721d6804123fb2f0a3b": {
    "initial": {
      "id": "initial",
      "type": "snippet",
      "name": "SQL scratches",
      "sql": "",
      "createdAt": "2025-07-29T21:14:44.302Z"
    }
  },
  "drizzle-version": "3.0.0",
  "drizzle-global": {
    "state": {
      "showCounts": false,
      "flatSchemas": false,
      "dataFormats": null,
      "expandSubviews": false,
      "paginationType": "limit-offset"
    },
    "version": 0
  },
  "drizzle-db-c36933e20a80cc32970589b3705929d4af52535b8708a721d6804123fb2f0a3b": {
    "state": {
      "currentPage": "main",
      "filterViews": {},
      "isSidebarOpen": true,
      "isShowSidebarContent": true,
      "filtersVisible": false,
      "sidebarWidth": 268,
      "currentSchemaName": "public",
      "currentTable": {
        "id": "public.admin_users",
        "name": "admin_users",
        "schema": "public",
        "type": "table",
        "createdRecords": [],
        "editedFields": [],
        "filters": [],
        "pagination": {
          "limit": 50,
          "offset": 0
        },
        "records": [],
        "sort": null,
        "columnSettings": {},
        "historyId": "KPTUpP5Is4OovAOKV8Xc4",
        "executionTime": 342.40000000596046
      }
    },
    "version": 1
  }
}